warehouse_id,warehouse_name,city,capacity,opening_date
WH_001,Delhi Fulfillment Center 01,Delhi,13470,2020-05-14
WH_002,Delhi Fulfillment Center 02,Delhi,6673,2018-07-06
WH_003,Delhi Fulfillment Center 03,Delhi,8881,2021-02-02
WH_004,Delhi Fulfillment Center 04,Delhi,10017,2018-02-20
WH_005,Delhi Fulfillment Center 05,Delhi,14536,2021-01-24
WH_006,Delhi Fulfillment Center 06,Delhi,11550,2022-10-19
WH_007,Delhi Fulfillment Center 07,Delhi,12320,2020-04-10
WH_008,Delhi Fulfillment Center 08,Delhi,8327,2016-10-17
WH_009,Delhi Fulfillment Center 09,Delhi,5579,2019-08-05
WH_010,Delhi Fulfillment Center 10,Delhi,12785,2021-05-02
WH_011,Noida Fulfillment Center 01,Noida,6300,2018-09-23
WH_012,Noida Fulfillment Center 02,Noida,9350,2021-08-04
WH_013,Noida Fulfillment Center 03,Noida,14647,2019-08-25
WH_014,Noida Fulfillment Center 04,Noida,13458,2018-11-18
WH_015,Noida Fulfillment Center 05,Noida,14348,2018-03-21
WH_016,Noida Fulfillment Center 06,Noida,7124,2017-12-10
WH_017,Noida Fulfillment Center 07,Noida,5900,2021-05-06
WH_018,Noida Fulfillment Center 08,Noida,8376,2017-01-14
WH_019,Noida Fulfillment Center 09,Noida,11945,2024-10-25
WH_020,Noida Fulfillment Center 10,Noida,8190,2024-06-15
WH_021,Mumbai Fulfillment Center 01,Mumbai,8493,2016-10-04
WH_022,Mumbai Fulfillment Center 02,Mumbai,12247,2016-03-20
WH_023,Mumbai Fulfillment Center 03,Mumbai,12958,2023-06-14
WH_024,Mumbai Fulfillment Center 04,Mumbai,14761,2022-08-02
WH_025,Mumbai Fulfillment Center 05,Mumbai,2364,2023-03-07
WH_026,Mumbai Fulfillment Center 06,Mumbai,7122,2022-11-15
WH_027,Mumbai Fulfillment Center 07,Mumbai,3531,2017-10-06
WH_028,Mumbai Fulfillment Center 08,Mumbai,8882,2018-09-23
WH_029,Mumbai Fulfillment Center 09,Mumbai,14772,2022-09-17
WH_030,Mumbai Fulfillment Center 10,Mumbai,8229,2024-01-13
WH_031,Pune Fulfillment Center 01,Pune,13475,2024-04-10
WH_032,Pune Fulfillment Center 02,Pune,10258,2024-02-15
WH_033,Pune Fulfillment Center 03,Pune,8371,2021-02-15
WH_034,Pune Fulfillment Center 04,Pune,9943,2023-01-12
WH_035,Pune Fulfillment Center 05,Pune,8738,2024-05-06
WH_036,Pune Fulfillment Center 06,Pune,4739,2017-11-24
WH_037,Pune Fulfillment Center 07,Pune,12554,2021-05-25
WH_038,Pune Fulfillment Center 08,Pune,11504,2020-06-21
WH_039,Pune Fulfillment Center 09,Pune,3733,2021-07-16
WH_040,Pune Fulfillment Center 10,Pune,12755,2023-07-09
WH_041,Kolkata Fulfillment Center 01,Kolkata,10434,2023-05-04
WH_042,Kolkata Fulfillment Center 02,Kolkata,11111,2021-02-20
WH_043,Kolkata Fulfillment Center 03,Kolkata,14362,2019-06-22
WH_044,Kolkata Fulfillment Center 04,Kolkata,13120,2023-06-19
WH_045,Kolkata Fulfillment Center 05,Kolkata,7560,2017-11-08
WH_046,Kolkata Fulfillment Center 06,Kolkata,8316,2020-06-26
WH_047,Kolkata Fulfillment Center 07,Kolkata,11333,2019-03-20
WH_048,Kolkata Fulfillment Center 08,Kolkata,2224,2019-01-12
WH_049,Kolkata Fulfillment Center 09,Kolkata,14846,2016-10-14
WH_050,Kolkata Fulfillment Center 10,Kolkata,14607,2021-05-11
WH_051,Chennai Fulfillment Center 01,Chennai,8988,2018-01-06
WH_052,Chennai Fulfillment Center 02,Chennai,14977,2023-10-05
WH_053,Chennai Fulfillment Center 03,Chennai,8038,2017-08-02
WH_054,Chennai Fulfillment Center 04,Chennai,3619,2016-05-09
WH_055,Chennai Fulfillment Center 05,Chennai,4832,2024-11-15
WH_056,Chennai Fulfillment Center 06,Chennai,12230,2018-01-05
WH_057,Chennai Fulfillment Center 07,Chennai,14219,2017-05-24
WH_058,Chennai Fulfillment Center 08,Chennai,5530,2024-02-12
WH_059,Chennai Fulfillment Center 09,Chennai,10162,2018-01-08
WH_060,Chennai Fulfillment Center 10,Chennai,5391,2021-12-08
WH_061,Lucknow Fulfillment Center 01,Lucknow,14042,2024-05-14
WH_062,Lucknow Fulfillment Center 02,Lucknow,8941,2018-05-05
WH_063,Lucknow Fulfillment Center 03,Lucknow,4898,2019-09-13
WH_064,Lucknow Fulfillment Center 04,Lucknow,3065,2024-02-08
WH_065,Lucknow Fulfillment Center 05,Lucknow,12055,2022-08-14
WH_066,Lucknow Fulfillment Center 06,Lucknow,8943,2018-06-01
WH_067,Lucknow Fulfillment Center 07,Lucknow,7142,2016-09-17
WH_068,Lucknow Fulfillment Center 08,Lucknow,3248,2022-02-14
WH_069,Lucknow Fulfillment Center 09,Lucknow,5687,2023-03-07
WH_070,Lucknow Fulfillment Center 10,Lucknow,3970,2021-06-03
WH_071,Gurgaon Fulfillment Center 01,Gurgaon,3202,2023-10-20
WH_072,Gurgaon Fulfillment Center 02,Gurgaon,7742,2016-04-07
WH_073,Gurgaon Fulfillment Center 03,Gurgaon,2922,2019-06-25
WH_074,Gurgaon Fulfillment Center 04,Gurgaon,3120,2020-11-23
WH_075,Gurgaon Fulfillment Center 05,Gurgaon,4336,2019-06-02
WH_076,Gurgaon Fulfillment Center 06,Gurgaon,6612,2016-06-06
WH_077,Gurgaon Fulfillment Center 07,Gurgaon,8028,2019-08-20
WH_078,Gurgaon Fulfillment Center 08,Gurgaon,9863,2023-05-15
WH_079,Gurgaon Fulfillment Center 09,Gurgaon,4371,2017-11-19
WH_080,Gurgaon Fulfillment Center 10,Gurgaon,8898,2019-04-26
